{"cameraMode":{"drawMode":0,"name":"Shaded","section":"Shading Mode"},"sceneLighting":true,"audioPlay":false,"sceneViewState":{"showFog":true,"showMaterialUpdate":false,"showSkybox":true,"showFlares":true,"showImageEffects":true,"showParticleSystems":true},"in2DMode":false,"pivot":{"x":-79.09518432617188,"y":-80.3559341430664,"z":-51.685733795166019},"rotation":{"x":0.2329683005809784,"y":-0.7299919128417969,"z":0.29904043674468996,"w":0.5686459541320801},"size":179.92837524414063,"orthographic":false}